{"Allston-Brighton": 6.901856765599999, "Dorchester": 3.4750916802222225, "Back Bay/Beacon Hill": 11.816322596666666, "Central Boston": 0.9474972404761904, "Charlestown": 2.792485849090909, "East Boston": 3.499304064137932, "Fenway/Kenmore": 9.654641932, "Hyde Park": 5.807959275384615, "Jamaica Plain": 14.233403898064516, "Mattapan": 7.033530206250001, "Roslindale": 15.518140585384616, "Roxbury": 10.571325744814818, "South Boston": 4.9386456700000005, "South End": 1.0360037683333332, "West Roxbury": 12.13549381125, "Mission Hill": 0.7024999999999999, "Harbor Islands": 55.76}